home,Home
plans,Plans
about,About
contact,Contact
what-we-offer,What We Offer
design,Design
branding,Branding
consultation,Consultation
promises,Promises
footer,Footer
top,To the top
design-description,Modern and realistic designs
branding-description,An effective brand strategy gives you a major edge in increasingly competitive markets
consultation-description,Free consultation services and 24/7 on-call support
promises-description,High-quality product to customers,singular
promises-description,High-quality products to customers,plural
created-by,Created by %(author)s
total-view,%(view)d total views
